ts	phase	decision	why	evidence	result
2026-09-10T10:20:00Z	frame	stopped borrowing a literature comparison for the GRU choice and planned our own retrain	the user said the borrowed numbers look strange, and they were weak: Mondal's inference times are a tie and the paper never states its hardware	docs/plans/2026-09-10-gru-leakfree-retrain.md	plan written
2026-09-10T10:22:00Z	frame	mapped the training pipeline before changing it	wanted to know what already exists so we extend it instead of building a second pipeline	apps/experiment/experiment/tuning/gru_hpo.py	leak-free temporal split and embargo already exist here
2026-09-10T10:24:00Z	frame	found the deployed model is synthetic-trained at horizon 9, and its HPO ran at horizon 5	the thesis headline result rests on it, so its protocol is the thing worth fixing	data/models/gru_model.pt metadata, study.json data_source synthetic	recorded
2026-09-10T10:26:00Z	frame	chose to hold out the ClarkNet replay window from training	the testbed replays that exact window, so training on it would make the closed-loop evidence in-sample	clarknet_replay_manifest.json window_start_idx 14470	protocol decision
2026-09-10T10:31:00Z	frame	located the leak in the training function itself	scaler is fit on all values passed in and windows are built before the split	apps/prediction/prediction/gru_predictor.py:206,212,215	confirmed by reading
2026-09-10T10:35:00Z	harness	dispatched one implementer for the coupled pipeline change	the edits share files, so one writer avoids merge damage	agent GruLeakfreeHarness	open
2026-09-10T10:52:00Z	build	amended the protocol to train at the replay amplitude, not raw ClarkNet	the served series is amplified 33x, so a scaler fit on raw values would sit far outside the training range	data/trace-replay/clarknet_replay_manifest.json scale_factor 33.0	amendment delivered
2026-09-10T10:56:00Z	build	added a synthetic arm to the runner so chapter 4 can stop quoting leaky numbers	the published 6.01% and 4.75% came from the July study at horizon 5 through the leaky training path	thesis-typst/src/content/ch04-results.typ:15-29	amendment delivered
2026-09-10T11:40:00Z	build	found the slow smoke run was a missing GPU, not a slow model	the process environment carried an empty CUDA_VISIBLE_DEVICES, so torch reported no device and fell back to CPU	for /proc/893095/environ; 770% CPU for 25 minutes	told the implementer to kill it and rerun with the GPU visible
2026-09-10T11:44:00Z	build	claimed a 31x GPU speedup, then measured it properly and withdrew the claim	the first CPU number was taken while the smoke run held all eight cores, so it measured contention	isolated probes: gpu gru batch32 6.15 ms/step against cpu gru batch32 6.32 ms/step	withdrawn, the GPU is not faster at this batch size
2026-09-10T11:47:00Z	build	checked whether the 780M is officially supported under ROCm 7.2.1	the user asked whether the platform is supported now rather than merely working	rocm.docs.amd.com Radeon and Ryzen page: official APU support covers AI Max 300, select AI 300 and AI 400; the 780M is absent	still unofficial, works through HSA_OVERRIDE_GFX_VERSION=11.0.0
2026-09-10T12:05:00Z	build	mapped where the ROCm path breaks so the study can avoid it	the LSTM arm is required, so a device that hangs on LSTM is unusable	isolated probes: gpu lstm batch32 hang, gpu lstm batch128 hang, gpu gru batch512 hang, gpu gru batch32 pass	cpu only for the study
2026-09-10T12:30:00Z	run	killed the implementer's 20-minute smoke run and took the study run myself	the smoke duplicated the real run, produced no intermediate output, and held the whole box	PID 1130265 at 20 minutes elapsed	box freed, study launched
2026-09-10T12:50:00Z	run	verified the training amplitude against the replay's own definition rather than trusting the loader	a wrong amplitude would produce an artifact that fails at serving time and be invisible in the bundle	resample sum/15 over the replay slice gives 2.222 against the manifest's raw_rps_mean 2.2225, and times 33 gives 73.34 against 73	loader correct, amplitude matches what the predictor receives
2026-09-10T12:52:00Z	harness	accepted the implementer's change set after reviewing the tests and the runner	its own smoke was killed, so the acceptance had to rest on inspection plus my live run	apps/prediction/tests/test_gru_splits.py, apps/experiment/experiment/tuning/gru_study.py, 45 tests pass, ruff clean	accepted, end-to-end close pending my run
2026-09-10T13:05:00Z	run	lost the first real study run to a GPU hang five minutes in, on the CPU path	the log names the hang and the wall clock stops there, and the bundle is written only at the end	job bg_3, trial 0 finished at value 0.8399, trial 1 killed during epoch 0	lost, need resilience plus isolation
2026-09-10T13:12:00Z	build	isolated the training process from the GPU runtime so driver resets cannot kill it	the box hangs its GPU intermittently even for CPU-mode work, which is outside our process	ROCR_VISIBLE_DEVICES= HIP_VISIBLE_DEVICES= CUDA_VISIBLE_DEVICES= keeps the agent out of the KFD list in a standalone probe	adopted for the study command
2026-09-10T13:15:00Z	build	asked the implementer to make runs resumable	an interrupted run currently loses every completed trial	Optuna in-memory study in job bg_3	landed and proven by the restart below
2026-09-10T14:05:00Z	run	selection finished on the resumed run and the harness crashed in evaluation on a seasonal baseline bug	the guard compared season to seq_len, which is wrong because a seasonal baseline lives in the series, not the model window	ValueError at gru_hpo.py:361	stopped the crash loop, fix landed
2026-09-10T14:08:00Z	run	the restart-and-resume path proved itself	the process died, hub restarted it, and the study skipped the six completed trials	study_selection_resumed completed=6 requested=6	no selection work was lost
2026-09-10T14:20:00Z	run	scored the new seed-42 refit against baselines and the incumbent on the held-out test region	the bundle was blocked, and the honest accuracy number is what the thesis needs most	/tmp/score_new_model.py over 14034 windows	gru rmse 29.63 against incumbent 30.89 and persistence 37.81
2026-09-10T14:26:00Z	run	recorded that the absolute error is far above the thesis target at deployment resolution	the h3 target is rmse under 10 percent, and the real 15 s task gives about 40 percent of mean load	rmse 29.63 against target mean 74.82	honest number to report, not to tune away
2026-09-10T14:40:00Z	build	measured the leak the protocol removes, and found it negligible on this data	better to quantify the fix than to assume it explains the gap between 4.75 percent and 40 percent	/tmp/leak_sensitivity.py: clean val rmse 35.354 against leaky 35.387, a 0.09 percent gain	the fix is still correct, but it is not the cause of the optimistic historical number
2026-09-10T14:55:00Z	run	found that a linear autoregression on the same window matches the gru	pre-empts the standard critique that a linear model does as well, and it changes how chapter 4 must be written	/tmp/score_with_ols.py: ols ar30 rmse 29.46 mae 22.46 against gru 29.63 and 22.55, and ols also has lower ramp underprediction 15.94 against 17.24	gru advantage not established at this budget
2026-09-10T15:05:00Z	run	relaunched the study after the baseline fix, expecting resume to skip selection	the selection is already persisted, so only the refits and the evaluation rerun	hub process gru-study-clarknet-gru	open
2026-09-10T22:44:00Z	run	the gru bundle completed and was accepted after inspecting the artifacts	a bundle is not evidence until the numbers in it are read and cross-checked	results/models/gru/2026-09-10_clarknet-15s-h9-leakfree/report.md and metrics.json	rmse 29.635 +/- 0.016 over three seeds, skill 0.216, coverage 0.921, rolling 29.039 +/- 6.893
2026-09-10T22:45:00Z	run	cross-checked the harness numbers against my own independent scorer before trusting them	two implementations agreeing is stronger evidence than one harness reporting itself	harness seed-42 record 29.6323 against my script 29.63, baselines identical to three decimals	agree
2026-09-10T22:50:00Z	downstream	registered the bundle as role final, status current, and pointed the two old bundles at it	the registry has to say which model the thesis may quote	results/evidence/registry.yaml models entries	143 entries, counter fixed, supersession recorded
2026-09-10T22:55:00Z	downstream	added the predictor numbers to FINAL_NUMBERS with an explicit do-not-quote list for the old ones	one numeric source of truth, and the superseded figures are named so they cannot drift back	results/claims/FINAL_NUMBERS.md predictor section	done
2026-09-10T23:00:00Z	downstream	corrected the H3 claim and retired the old evidence pointers	claim 6 previously quoted the archived bundles as partial validation	results/claims/CLAIMS_TO_EVIDENCE.md claim 6	now states the target is not met on real data and gru parity with linear is disclosed
2026-09-10T23:05:00Z	downstream	corrected QA-016 and superseded QA-017	the logbook inferred the july hpo ran on clarknet, and the study record says synthetic	thesis/logbook/professor-qa.md	inference withdrawn, replay-window exposure now structural, our own measurement replaces the borrowed justification
2026-09-10T23:10:00Z	downstream	rewrote the chapter 3 data and predictor sections around the leak-free protocol	the chapter still described a 72-hour synthetic 70/15/15 split and a hand-fixed architecture	thesis-typst/src/content/ch03-methodology.typ:53 and :88	protocol and selection described as built
2026-09-10T23:15:00Z	run	measured what the testbed rerun actually costs before asking for the decision	both clusters were down, and a rerun is only meaningful if the setup cost is known	k3d cluster list shows thesis-hybrid 0/1 and thesis-serverless 0/1, api connection refused; thesis infra status shows haproxy stopped	rerun means full bring-up plus the 1.9 hour paired bundle
2026-09-10T23:20:00Z	run	measured the seed-ensemble lever, and it does not close the gap to linear	cheapest lever first, and the artifacts already existed	/tmp/score_ensemble.py: ensemble rmse 29.6051 against best single seed 29.6215 and ols 29.4644	negligible gain, still behind linear
2026-09-10T23:25:00Z	run	found the refit path early-stopping on the test region and stopped the lstm run	the log line train_samples=26167 val_samples=14034 named the test region as the validation slice, and the run then logged Early stopping	hub log for gru-study-clarknet-lstm; apps/prediction/prediction/gru_predictor.py:302-350	lstm run stopped, fix dispatched
2026-09-10T23:27:00Z	run	traced the leak to has_val being derived from slice length instead of val_ratio	val_ratio=0.0 must mean no validation per the docstring, but a slice existed so the torch branch early-stopped on it	gru_predictor.py train(); refit call train(full_df, val_ratio=0.0, train_end=splits.val_end) in gru_study.py	root cause identified
2026-09-10T23:30:00Z	run	checked whether the completed gru bundle shares the leak, and it does not	the two runs used different revisions of the refit call, so each had to be judged on its own evidence	gru refit log train_samples=22462 val_samples=3628 equals the windows of train 0..22500 and val 22539..26205	gru bundle leak-free but trained on the train portion only, a protocol deviation
2026-09-10T23:32:00Z	run	reordered the program so the probes run before the study re-runs	a winning probe would change the recipe, and re-running the study twice wastes hours	docs/plans phase 6 gate	probes first, then one clean study re-run per arm
2026-09-11T00:00:00Z	probes	screened six modern levers under one measurement harness, single seed each	the user asked whether the model had had every standard improvement applied, and it had not	results/models/gru/2026-09-10_predictor-probes/*.json	window120 28.2156 is the only gain against the baseline 29.6612; revin 29.5852, log_target 30.0321, calendar 40.6016, ensemble 29.6051; none beats ols 29.4649
2026-09-11T00:05:00Z	probes	recorded that the window gain lifts the linear arm by the same amount, so parity is structural	a lever that helps both models equally does not change the model-choice conclusion	window120 ols 28.1172 against baseline ols 29.4649	adopting the window lowers absolute error but not the gap
2026-09-11T00:10:00Z	build	had the study runner accept a derived window so the 120 variant can run under the full protocol	probe evidence is single-config; the study is what the thesis quotes	apps/experiment/experiment/tuning/gru_study.py build_splits, cli --window	window 30 and 20 keep the frozen literals; window 120 derives embargo 128 and test_start 26422 with the replay window inside
2026-09-11T00:15:00Z	run	ran the synthetic h3 arm at one seed to re-derive the pre-registered target on clean ground	the published synthetic figures came from the superseded protocol	hub process gru-study-synthetic-h3	running
2026-09-11T00:18:00Z	run	ran the window 120 arm under the study protocol at one seed and four trials	cheapest way to check whether the probe's 4.9 percent gain survives selection and refit	hub process gru-study-window120	running
2026-09-11T01:10:00Z	verify	confirmed the bundle records splits, seeds, scale factor, replay indices, and artifact hashes	the definition of done requires every number to name its provenance	results/models/gru/2026-09-10_clarknet-15s-h9-leakfree/meta.yaml	git revision, device, searched windows, embargo rule, seeds, splits, replay_window_idx, winner sha256 all present
2026-09-11T01:12:00Z	verify	confirmed no stale predictor number survives in the thesis body	the whole point of re-deriving is that the old figures cannot leak back in	grep for 4.75, 6.01, 17.78, 18.74, 14.48 in thesis-typst/src/content	only figure coordinates remain; all predictor citations replaced
2026-09-11T01:13:00Z	verify	marked the two stale claim documents superseded rather than rewriting history	an audit record should show what changed and when, not pretend it always said this	results/claims/TRUTH_ALIGNED_CLAIMS.md:6, thesis/logbook/professor-qa.md:7	both carry a dated supersession banner pointing at the new bundle
2026-09-11T01:14:00Z	verify	ran the affected suites as the closing gate	a program that changed training code and thesis numbers needs the tests green at the end, not earlier	uv run python -m pytest apps/prediction/tests -x -q	46 passed
2026-09-11T01:15:00Z	verify	recorded that the highest-value remaining work is the paired testbed rerun, not more modelling	the headline H2 result still rests on the synthetic 18-second model, which no amount of probe work fixes	results/evidence/BACKLOG.md EVID-006	blocked on the operator's go and on a testbed bring-up
2026-09-11T01:30:00Z	review	commissioned an independent reviewer over the trail, as the hand-back step requires	self-review cannot supply fresh eyes, and several of my rows pointed at throwaway scripts	agent TrailReviewer, skill show-me-your-work	ISSUES with five findings, all valid on inspection
2026-09-11T01:45:00Z	fix	accepted the finding that the bundle of record predates the refit fix and that the two arms therefore ran different code	the plan's own gate says both arms are re-run before these numbers are final, and I had not done it	reviewer finding 1 against trail rows 22:44-23:30	final combined run launched for both cells under the corrected refit
2026-09-11T01:47:00Z	fix	changed the winner rule from lowest holdout RMSE to lowest validation RMSE, for seeds and for the cell	selecting the shipped artifact by its test score is selection on the region the protocol evaluates once	apps/experiment/experiment/tuning/gru_study.py winner block	criterion now recorded in meta.yaml and printed in the report
2026-09-11T01:50:00Z	fix	commissioned a committed analysis script so the cited evidence resolves and the paired statistic has provenance	the reviewer noted that /tmp scripts cannot be read by anyone auditing the trail, and that both bundles carry empty paired_tests	scripts/gru_predictor_analysis.py, four subcommands	reproduces holdout, ensemble, paired-cells, and leak-sensitivity numbers exactly
2026-09-11T01:52:00Z	verify	confirmed the eight failing experiment tests are pre-existing and unrelated	a red suite at hand-back needs a verdict, not silence	test_cpu_fairness asserts 200m pod CPU and an infra node selector against manifests that now say 300m and carry no selector; the e2e file needs the down cluster	stale assertions against current manifests, not caused by this work
2026-09-11T03:40:00Z	verify	audited every evidence pointer in this trail against the filesystem	the trail is only an audit trail if a reader can follow its pointers, and an independent reviewer flagged the throwaway ones	pointer audit of .audit/gru-leakfree-retrain.tsv: 21 resolve, 6 are bare filenames named in prose, 4 pointed at /tmp	the four throwaway scripts are superseded by scripts/gru_predictor_analysis.py, which reproduces their numbers exactly
2026-09-11T04:15:00Z	run	found a second face of the refit leak, in artifact metadata rather than early stopping	comparing old and new artifact configs showed the old bundle stored a metric equal to its holdout RMSE to four decimals	results/models/gru/2026-09-10_clarknet-15s-h9-leakfree/artifacts/clarknet_gru_s42.json rmse 29.6323 equals the bundle holdout RMSE	the old artifact carried a test-region metric; the new one carries none; both are wrong, a validation metric is right
2026-09-11T04:18:00Z	fix	asked for the selection fit's validation metric to be carried into the final artifact	the serving path reads rmse for its confidence score, so a null metric silently pins the confidence at its fallback	hub message to GruPredictorProbes-2	open
2026-09-11T04:20:00Z	run	recorded that the final run's per-seed number differs from the earlier bundle, so the thesis must quote the final one	the final run trains on train plus validation while the earlier one trained on train only, and protocol consistency between the two arms matters more than a 0.9 percent difference	metrics_partial.json of the final bundle: seed 42 RMSE 29.8857 against the earlier bundle's 29.6323	thesis numbers to be re-derived when the run completes
2026-09-11T05:05:00Z	run	stopped the consistent re-run rather than leave it grinding on a loaded box	ten epochs took ninety minutes under external load of about thirty, so the remaining six fits would have held a shared machine for most of a day for a refinement whose statistical conclusion is unchanged	hub process gru-study-final-both-cells, metrics_partial.json with one of six fits recorded, uptime 4h	stopped; recorded as a follow-up to run when the box is free
2026-09-11T05:07:00Z	run	recorded the reachable state instead of the ideal one, with the asymmetry disclosed	the deliverable is an honest bundle plus a precise description of what produced it, not a promise that a better run will appear	results/claims/FINAL_NUMBERS.md protocol note; docs/plans phase 6 outcome table	bundle of record disclosed as training on the train portion only; the asymmetry works against the GRU claim, since GRU wins on every seed with less data
